{"name":"76885ec9-bae3-4d4c-b5d8-c36aa5d59005","id":"/providers/Microsoft.Flow/flows/76885ec9-bae3-4d4c-b5d8-c36aa5d59005","type":"Microsoft.Flow/flows","properties":{"apiId":"/providers/Microsoft.PowerApps/apis/shared_logicflows","displayName":"Upload Attachments","definition":{"metadata":{"workflowEntityId":null,"processAdvisorMetadata":null,"flowclientsuspensionreason":"None","flowclientsuspensiontime":null,"flowclientsuspensionreasondetails":null,"creator":{"id":"f055559c-8c89-4309-bea9-30e5d3724195","type":"User","tenantId":"f2c6769c-5005-42ae-b64b-bfd1758bc7e2"},"provisioningMethod":"FromDefinition","failureAlertSubscription":true,"clientLastModifiedTime":"2023-03-15T11:24:31.8625106Z"},"$schema":"https://schema.management.azure.com/providers/Microsoft.Logic/schemas/2016-06-01/workflowdefinition.json#","contentVersion":"1.0.0.0","parameters":{"$connections":{"defaultValue":{},"type":"Object"},"$authentication":{"defaultValue":{},"type":"SecureObject"}},"triggers":{"manual":{"metadata":{"operationMetadataId":"ddd07792-34d4-4b10-ad33-78ab7739f0e1"},"type":"Request","kind":"PowerAppV2","inputs":{"schema":{"type":"object","properties":{"text":{"title":"file name","type":"string","x-ms-dynamically-added":true,"description":"Please enter your input","x-ms-content-hint":"TEXT"},"text_1":{"title":"File Content","type":"string","x-ms-dynamically-added":true,"description":"Please enter your input","x-ms-content-hint":"TEXT"},"text_2":{"title":"Category","type":"string","x-ms-dynamically-added":true,"description":"Please enter your input","x-ms-content-hint":"TEXT"},"text_3":{"title":"Checklist ID","type":"string","x-ms-dynamically-added":true,"description":"Please enter your input","x-ms-content-hint":"TEXT"},"number":{"title":"ID","type":"number","x-ms-dynamically-added":true,"description":"Please enter a number","x-ms-content-hint":"NUMBER"},"text_4":{"title":"Observation Type","type":"string","x-ms-dynamically-added":true,"description":"Please enter your input","x-ms-content-hint":"TEXT"}},"required":["text","text_1","text_2","text_3","number","text_4"]}}}},"actions":{"Initialize_variable":{"runAfter":{},"metadata":{"operationMetadataId":"91e2255f-5d2b-4c05-b725-f63303768a4e"},"type":"InitializeVariable","inputs":{"variables":[{"name":"Checklist ID","type":"string"}]}},"Set_variable":{"runAfter":{"Initialize_variable":["Succeeded"]},"metadata":{"operationMetadataId":"aa317845-f6c0-460d-a2fd-3558fddffde4"},"type":"SetVariable","inputs":{"name":"Checklist ID","value":"@triggerBody()['text_3']"}},"Compose_Base64":{"runAfter":{"Set_variable":["Succeeded"]},"metadata":{"operationMetadataId":"5c164222-aee1-490b-b5fa-e7f2b0c2519e"},"type":"Compose","inputs":"@base64ToBinary(triggerBody()['text_1'])"},"Compose_File_Name":{"runAfter":{"Compose_Base64":["Succeeded"]},"metadata":{"operationMetadataId":"b41cd9df-2ec0-4fa2-86bb-a5d4610c86f7"},"type":"Compose","inputs":"@{triggerBody()['text_4']}-@{utcNow()}-@{triggerBody()['text']}"},"Get_items":{"runAfter":{"Compose_File_Name":["Succeeded"]},"metadata":{"operationMetadataId":"a290f4a1-7ac0-47ce-bd01-d4772cca170e"},"type":"OpenApiConnection","inputs":{"host":{"apiId":"/providers/Microsoft.PowerApps/apis/shared_sharepointonline","connectionName":"shared_sharepointonline","operationId":"GetItems"},"parameters":{"dataset":"https://alankaeon789.sharepoint.com/sites/DemoAlstomlist","table":"51c3def1-e765-4e77-b14a-1398412f27ca","$filter":"(Title eq '@{variables('Checklist ID')}')and(Category/Title eq '@{triggerBody()['text_2']}')"},"authentication":{"value":"@json(decodeBase64(triggerOutputs().headers['X-MS-APIM-Tokens']))['$ConnectionKey']","type":"Raw"}}},"Apply_to_each":{"foreach":"@outputs('Get_items')?['body/value']","actions":{"Add_attachment":{"runAfter":{},"metadata":{"operationMetadataId":"18840223-4ac1-4eac-9850-3d9e8bd09c74"},"type":"OpenApiConnection","inputs":{"host":{"apiId":"/providers/Microsoft.PowerApps/apis/shared_sharepointonline","connectionName":"shared_sharepointonline","operationId":"CreateAttachment"},"parameters":{"dataset":"https://alankaeon789.sharepoint.com/sites/DemoAlstomlist","table":"51c3def1-e765-4e77-b14a-1398412f27ca","itemId":"@items('Apply_to_each')?['ID']","displayName":"@outputs('Compose_File_Name')","body":"@outputs('Compose_Base64')"},"authentication":{"value":"@json(decodeBase64(triggerOutputs().headers['X-MS-APIM-Tokens']))['$ConnectionKey']","type":"Raw"}}}},"runAfter":{"Get_items":["Succeeded"]},"metadata":{"operationMetadataId":"6f759ba9-9284-436c-9412-7ca62fd82832"},"type":"Foreach"}}},"connectionReferences":{"shared_sharepointonline":{"connectionName":"f2a5dc65bc7c41549feeab18caecc489","source":"Invoker","id":"/providers/Microsoft.PowerApps/apis/shared_sharepointonline","tier":"NotSpecified"}},"flowFailureAlertSubscribed":false,"isManaged":false}}