{"name":"4610da81-4ec3-4958-99c3-3c0bd7b68212","id":"/providers/Microsoft.Flow/flows/4610da81-4ec3-4958-99c3-3c0bd7b68212","type":"Microsoft.Flow/flows","properties":{"apiId":"/providers/Microsoft.PowerApps/apis/shared_logicflows","displayName":"IST_PeerReview_PROD-01-PeerDataSubmissionstoSharePoint","definition":{"metadata":{"workflowEntityId":null,"processAdvisorMetadata":null,"flowChargedByPaygo":null,"flowclientsuspensionreason":"None","flowclientsuspensiontime":null,"flowclientsuspensionreasondetails":null,"creator":{"id":"f055559c-8c89-4309-bea9-30e5d3724195","type":"User","tenantId":"f2c6769c-5005-42ae-b64b-bfd1758bc7e2"},"provisioningMethod":"FromDefinition","failureAlertSubscription":true,"clientLastModifiedTime":"2023-04-14T06:46:08.4024784Z"},"$schema":"https://schema.management.azure.com/providers/Microsoft.Logic/schemas/2016-06-01/workflowdefinition.json#","contentVersion":"1.0.0.0","parameters":{"$connections":{"defaultValue":{},"type":"Object"},"$authentication":{"defaultValue":{},"type":"SecureObject"}},"triggers":{"manual":{"metadata":{"operationMetadataId":"c74ae047-6a32-406f-b65d-b763bd5bd9e1"},"type":"Request","kind":"PowerAppV2","inputs":{"schema":{"type":"object","properties":{"text":{"title":"JsonInput","type":"string","x-ms-dynamically-added":true,"description":"Please enter your input","x-ms-content-hint":"TEXT"},"text_1":{"title":"InputFrom","type":"string","x-ms-dynamically-added":true,"description":"Please enter your input","x-ms-content-hint":"TEXT"}},"required":["text","text_1"]}}}},"actions":{"Switch":{"runAfter":{},"cases":{"Canteen_Duty":{"case":"Ehs-Checklist","actions":{"Parse_JSON":{"runAfter":{},"metadata":{"operationMetadataId":"439b93fa-a48a-4d80-b076-18e39c4466d7"},"type":"ParseJson","inputs":{"content":"@triggerBody()['text']","schema":{"type":"array","items":{"type":"object","properties":{"CanteenID":{"type":["string","null"]},"Department":{"type":["string","null"]},"Date":{"type":["string","null"]},"Requester":{"type":["string","null"]},"Status":{"type":["string","null"]}},"required":["CanteenID","Department","Date","Requester","Status"]}}}},"Create_CSV_table":{"runAfter":{"Parse_JSON":["Succeeded"]},"metadata":{"operationMetadataId":"265f378b-929e-46ae-9980-14c104fd7d73"},"type":"Table","inputs":{"from":"@body('Parse_JSON')","format":"CSV"}},"Create_file":{"runAfter":{"Create_CSV_table":["Succeeded"]},"metadata":{"operationMetadataId":"d505a4c5-0e92-449a-b91f-0bfbe85aaf90"},"type":"OpenApiConnection","inputs":{"host":{"apiId":"/providers/Microsoft.PowerApps/apis/shared_sharepointonline","connectionName":"shared_sharepointonline","operationId":"CreateFile"},"parameters":{"dataset":"https://musictribe.sharepoint.com/sites/ApprovalRequests","folderPath":"/Shared Documents/Excels","name":"Export_@{formatDateTime(utcNow(), 'yyyyMMddhhmmss')}.csv","body":"@body('Create_CSV_table')"},"authentication":{"value":"@json(decodeBase64(triggerOutputs().headers['X-MS-APIM-Tokens']))['$ConnectionKey']","type":"Raw"}},"runtimeConfiguration":{"contentTransfer":{"transferMode":"Chunked"}}},"Compose_2":{"runAfter":{"Create_file":["Succeeded"]},"metadata":{"operationMetadataId":"698cfc28-1b21-4bc9-bcb5-13c61d6f2252"},"type":"Compose","inputs":"https://musictribe.sharepoint.com/sites/ApprovalRequests@{outputs('Create_file')?['body/Path']}"},"Respond_to_a_PowerApp_or_flow":{"runAfter":{"Compose_2":["Succeeded"]},"metadata":{"operationMetadataId":"95ef4990-8356-4470-8e7a-6a8a7502448c"},"type":"Response","kind":"PowerApp","inputs":{"statusCode":200,"body":{"likedoutput":"@{outputs('Compose_2')}"},"schema":{"type":"object","properties":{"likedoutput":{"title":"LikedOutput","x-ms-dynamically-added":true,"type":"string"}}}}}}},"Overtime":{"case":"OT","actions":{"Parse_JSON_2":{"runAfter":{},"type":"ParseJson","inputs":{"content":"@triggerBody()['text']","schema":{"type":"array","items":{"type":"object","properties":{"Date":{},"Department":{"type":"string"},"EndDate":{},"OverTimeID":{"type":"string"},"Requester":{"type":"string"}},"required":["Date","Department","EndDate","OverTimeID","Requester"]}}}},"Create_CSV_table_2":{"runAfter":{"Parse_JSON_2":["Succeeded"]},"type":"Table","inputs":{"from":"@body('Parse_JSON_2')","format":"CSV"}},"Create_file_2":{"runAfter":{"Create_CSV_table_2":["Succeeded"]},"type":"OpenApiConnection","inputs":{"host":{"apiId":"/providers/Microsoft.PowerApps/apis/shared_sharepointonline","connectionName":"shared_sharepointonline","operationId":"CreateFile"},"parameters":{"dataset":"https://musictribe.sharepoint.com/sites/ApprovalRequests","folderPath":"/Shared Documents/Excels","name":"Export_@{formatDateTime(utcNow(), 'yyyyMMddhhmmss')}.csv","body":"@body('Create_CSV_table_2')"},"authentication":{"value":"@json(decodeBase64(triggerOutputs().headers['X-MS-APIM-Tokens']))['$ConnectionKey']","type":"Raw"}},"runtimeConfiguration":{"contentTransfer":{"transferMode":"Chunked"}}},"Compose":{"runAfter":{"Create_file_2":["Succeeded"]},"type":"Compose","inputs":"https://musictribe.sharepoint.com/sites/ApprovalRequests@{outputs('Create_file_2')?['body/Path']}"},"Respond_to_a_PowerApp_or_flow_2":{"runAfter":{"Compose":["Succeeded"]},"type":"Response","kind":"PowerApp","inputs":{"statusCode":200,"body":{"likedoutput":"@{outputs('Compose')}"},"schema":{"type":"object","properties":{"likedoutput":{"title":"LikedOutput","x-ms-dynamically-added":true,"type":"string"}}}}}}},"MedicalRequest":{"case":"MedicalRequest","actions":{"Parse_JSON_3":{"runAfter":{},"type":"ParseJson","inputs":{"content":"@triggerBody()['text']","schema":{"type":"array","items":{"type":"object","properties":{"Requester":{"type":["string","null"]},"Department":{"type":["string","null"]},"Date":{"type":["string","null"]},"Why":{"type":["string","null"]},"Medication":{"type":["string","null"]},"Status":{"type":["string","null"]},"Title":{"type":["string","null"]}},"reqiured":["Title","Requester","Department","Date","Why","Medication","Status"]}}}},"Create_CSV_table_3":{"runAfter":{"Parse_JSON_3":["Succeeded"]},"type":"Table","inputs":{"from":"@body('Parse_JSON_3')","format":"CSV"}},"Create_file_3":{"runAfter":{"Create_CSV_table_3":["Succeeded"]},"type":"OpenApiConnection","inputs":{"host":{"apiId":"/providers/Microsoft.PowerApps/apis/shared_sharepointonline","connectionName":"shared_sharepointonline","operationId":"CreateFile"},"parameters":{"dataset":"https://musictribe.sharepoint.com/sites/ApprovalRequests","folderPath":"/Shared Documents/Excels","name":"Export_@{formatDateTime(utcNow(), 'yyyyMMddhhmmss')}.csv","body":"@body('Create_CSV_table_3')"},"authentication":{"value":"@json(decodeBase64(triggerOutputs().headers['X-MS-APIM-Tokens']))['$ConnectionKey']","type":"Raw"}},"runtimeConfiguration":{"contentTransfer":{"transferMode":"Chunked"}}},"Compose_3":{"runAfter":{"Create_file_3":["Succeeded"]},"type":"Compose","inputs":"https://musictribe.sharepoint.com/sites/ApprovalRequests@{outputs('Create_file_3')?['body/Path']}"},"Respond_to_a_PowerApp_or_flow_3":{"runAfter":{"Compose_3":["Succeeded"]},"type":"Response","kind":"PowerApp","inputs":{"statusCode":200,"body":{"likedoutput":"@{outputs('Compose_3')}"},"schema":{"type":"object","properties":{"likedoutput":{"title":"LikedOutput","x-ms-dynamically-added":true,"type":"string"}}}}}}},"MedicalFee":{"case":"MedicalFee","actions":{"Parse_JSON_4":{"runAfter":{},"type":"ParseJson","inputs":{"content":"@triggerBody()['text']","schema":{"type":"array","items":{"type":"object","properties":{"MedicationId":{"type":"string"},"Requester":{"type":"string"},"Department":{"type":"string"},"EffectiveDate":{"type":["string","null"]},"Why":{"type":"string"},"Status":{"type":"string"}},"reqiured":["MedicationId","Requester","Department","EffectiveDate","Why","Status"]}}}},"Create_CSV_table_4":{"runAfter":{"Parse_JSON_4":["Succeeded"]},"type":"Table","inputs":{"from":"@body('Parse_JSON_4')","format":"CSV"}},"Create_file_4":{"runAfter":{"Create_CSV_table_4":["Succeeded"]},"type":"OpenApiConnection","inputs":{"host":{"apiId":"/providers/Microsoft.PowerApps/apis/shared_sharepointonline","connectionName":"shared_sharepointonline","operationId":"CreateFile"},"parameters":{"dataset":"https://musictribe.sharepoint.com/sites/ApprovalRequests","folderPath":"/Shared Documents/Excels","name":"Export_@{formatDateTime(utcNow(), 'yyyyMMddhhmmss')}.csv","body":"@body('Create_CSV_table_4')"},"authentication":{"value":"@json(decodeBase64(triggerOutputs().headers['X-MS-APIM-Tokens']))['$ConnectionKey']","type":"Raw"}},"runtimeConfiguration":{"contentTransfer":{"transferMode":"Chunked"}}},"Compose_4":{"runAfter":{"Create_file_4":["Succeeded"]},"type":"Compose","inputs":"https://musictribe.sharepoint.com/sites/ApprovalRequests@{outputs('Create_file_4')?['body/Path']}"},"Respond_to_a_PowerApp_or_flow_4":{"runAfter":{"Compose_4":["Succeeded"]},"type":"Response","kind":"PowerApp","inputs":{"statusCode":200,"body":{"likedoutput":"@{outputs('Compose_4')}"},"schema":{"type":"object","properties":{"likedoutput":{"title":"LikedOutput","x-ms-dynamically-added":true,"type":"string"}}}}}}},"HousingAllowance":{"case":"HousingAllowance","actions":{"Parse_JSON_5":{"runAfter":{},"type":"ParseJson","inputs":{"content":"@triggerBody()['text']","schema":{"type":"array","items":{"type":"object","properties":{"Allowance":{"type":"integer"},"Date":{"type":"string"},"Department":{"type":"string"},"HousingAllowanceId":{"type":"string"},"Requester":{"type":"string"},"Status":{"type":"string"}},"required":["Allowance","Date","Department","HousingAllowanceId","Requester","Status"]}}}},"Create_CSV_table_5":{"runAfter":{"Parse_JSON_5":["Succeeded"]},"type":"Table","inputs":{"from":"@body('Parse_JSON_5')","format":"CSV"}},"Create_file_5":{"runAfter":{"Create_CSV_table_5":["Succeeded"]},"type":"OpenApiConnection","inputs":{"host":{"apiId":"/providers/Microsoft.PowerApps/apis/shared_sharepointonline","connectionName":"shared_sharepointonline","operationId":"CreateFile"},"parameters":{"dataset":"https://musictribe.sharepoint.com/sites/ApprovalRequests","folderPath":"/Shared Documents/Excels","name":"Export_@{formatDateTime(utcNow(), 'yyyyMMddhhmmss')}.csv","body":"@body('Create_CSV_table_5')"},"authentication":{"value":"@json(decodeBase64(triggerOutputs().headers['X-MS-APIM-Tokens']))['$ConnectionKey']","type":"Raw"}},"runtimeConfiguration":{"contentTransfer":{"transferMode":"Chunked"}}},"Compose_5":{"runAfter":{"Create_file_5":["Succeeded"]},"type":"Compose","inputs":"https://musictribe.sharepoint.com/sites/ApprovalRequests@{outputs('Create_file_5')?['body/Path']}"},"Respond_to_a_PowerApp_or_flow_5":{"runAfter":{"Compose_5":["Succeeded"]},"type":"Response","kind":"PowerApp","inputs":{"statusCode":200,"body":{"likedoutput":"@{outputs('Compose_5')}"},"schema":{"type":"object","properties":{"likedoutput":{"title":"LikedOutput","x-ms-dynamically-added":true,"type":"string"}}}}}}},"DormUtility":{"case":"DormUtility","actions":{"Parse_JSON_7":{"runAfter":{},"type":"ParseJson","inputs":{"content":"@triggerBody()['text']","schema":{"type":"array","items":{"type":"object","properties":{"Requester":{"type":["string","null"]},"FeeElectricity":{"type":["string","null"]},"StartDate":{"type":["string","null"]},"Status":{"type":["string","null"]},"EndDate":{"type":["string","null"]},"FeeWater":{"type":["string","null"]},"Approver":{"type":["string","null"]},"Department":{"type":["string","null"]},"DormUtilityId":{"type":["string","null"]}},"required":["Requester","FeeElectricity","StartDate","Status","EndDate","FeeWater","Approver","Department"]}}}},"Create_CSV_table_7":{"runAfter":{"Parse_JSON_7":["Succeeded"]},"type":"Table","inputs":{"from":"@body('Parse_JSON_7')","format":"CSV"}},"Create_file_7":{"runAfter":{"Create_CSV_table_7":["Succeeded"]},"type":"OpenApiConnection","inputs":{"host":{"apiId":"/providers/Microsoft.PowerApps/apis/shared_sharepointonline","connectionName":"shared_sharepointonline","operationId":"CreateFile"},"parameters":{"dataset":"https://musictribe.sharepoint.com/sites/ApprovalRequests","folderPath":"/Shared Documents/Excels","name":"Export_@{formatDateTime(utcNow(), 'yyyyMMddhhmmss')}.csv","body":"@body('Create_CSV_table_7')"},"authentication":{"value":"@json(decodeBase64(triggerOutputs().headers['X-MS-APIM-Tokens']))['$ConnectionKey']","type":"Raw"}},"runtimeConfiguration":{"contentTransfer":{"transferMode":"Chunked"}}},"Compose_7":{"runAfter":{"Create_file_7":["Succeeded"]},"type":"Compose","inputs":"https://musictribe.sharepoint.com/sites/ApprovalRequests@{outputs('Create_file_7')?['body/Path']}"},"Respond_to_a_PowerApp_or_flow_7":{"runAfter":{"Compose_7":["Succeeded"]},"type":"Response","kind":"PowerApp","inputs":{"statusCode":200,"body":{"likedoutput":"@{outputs('Compose_7')}"},"schema":{"type":"object","properties":{"likedoutput":{"title":"LikedOutput","x-ms-dynamically-added":true,"type":"string"}}}}}}},"Dorm_Rent":{"case":"Dorm Rent","actions":{"Parse_JSON_8":{"runAfter":{},"type":"ParseJson","inputs":{"content":"@triggerBody()['text']","schema":{"type":"array","items":{"type":"object","properties":{"RentID":{"type":["string","null"]},"Requester":{"type":["string","null"]},"Status":{"type":["string","null"]},"Allowance":{"type":["string","null"]},"Date":{"type":["string","null"]}},"required":["RentID","Requester","Date","Status","Allowance"]}}}},"Create_CSV_table_8":{"runAfter":{"Parse_JSON_8":["Succeeded"]},"type":"Table","inputs":{"from":"@body('Parse_JSON_8')","format":"CSV"}},"Create_file_8":{"runAfter":{"Create_CSV_table_8":["Succeeded"]},"type":"OpenApiConnection","inputs":{"host":{"apiId":"/providers/Microsoft.PowerApps/apis/shared_sharepointonline","connectionName":"shared_sharepointonline","operationId":"CreateFile"},"parameters":{"dataset":"https://musictribe.sharepoint.com/sites/ApprovalRequests","folderPath":"/Shared Documents/Excels","name":"Export_@{formatDateTime(utcNow(), 'yyyyMMddhhmmss')}.csv","body":"@body('Create_CSV_table_8')"},"authentication":{"value":"@json(decodeBase64(triggerOutputs().headers['X-MS-APIM-Tokens']))['$ConnectionKey']","type":"Raw"}},"runtimeConfiguration":{"contentTransfer":{"transferMode":"Chunked"}}},"Compose_8":{"runAfter":{"Create_file_8":["Succeeded"]},"type":"Compose","inputs":"https://musictribe.sharepoint.com/sites/ApprovalRequests@{outputs('Create_file_8')?['body/Path']}"},"Respond_to_a_PowerApp_or_flow_8":{"runAfter":{"Compose_8":["Succeeded"]},"type":"Response","kind":"PowerApp","inputs":{"statusCode":200,"body":{"likedoutput":"@{outputs('Compose_8')}"},"schema":{"type":"object","properties":{"likedoutput":{"title":"LikedOutput","x-ms-dynamically-added":true,"type":"string"}}}}}}},"GGP":{"case":"GGP","actions":{"Parse_JSON_9":{"runAfter":{},"type":"ParseJson","inputs":{"content":"@triggerBody()['text']","schema":{"type":"array","items":{"type":"object","properties":{"Title":{"type":"string"},"Requester":{"type":["string","null"]},"Why":{"type":["string","null"]},"What":{"type":["string","null"]},"Status":{"type":["string","null"]},"Department":{"type":["string","null"]}},"required":["Title","Requester","Why","What","Status","Department"]}}}},"Create_CSV_table_9":{"runAfter":{"Parse_JSON_9":["Succeeded"]},"type":"Table","inputs":{"from":"@body('Parse_JSON_9')","format":"CSV"}},"Create_file_9":{"runAfter":{"Create_CSV_table_9":["Succeeded"]},"type":"OpenApiConnection","inputs":{"host":{"apiId":"/providers/Microsoft.PowerApps/apis/shared_sharepointonline","connectionName":"shared_sharepointonline","operationId":"CreateFile"},"parameters":{"dataset":"https://musictribe.sharepoint.com/sites/ApprovalRequests","folderPath":"/Shared Documents/Excels","name":"Export_@{formatDateTime(utcNow(), 'yyyyMMddhhmmss')}.csv","body":"@body('Create_CSV_table_9')"},"authentication":{"value":"@json(decodeBase64(triggerOutputs().headers['X-MS-APIM-Tokens']))['$ConnectionKey']","type":"Raw"}},"runtimeConfiguration":{"contentTransfer":{"transferMode":"Chunked"}}},"Compose_9":{"runAfter":{"Create_file_9":["Succeeded"]},"type":"Compose","inputs":"https://musictribe.sharepoint.com/sites/ApprovalRequests@{outputs('Create_file_9')?['body/Path']}"},"Respond_to_a_PowerApp_or_flow_9":{"runAfter":{"Compose_9":["Succeeded"]},"type":"Response","kind":"PowerApp","inputs":{"statusCode":200,"body":{"likedoutput":"@{outputs('Compose_9')}"},"schema":{"type":"object","properties":{"likedoutput":{"title":"LikedOutput","x-ms-dynamically-added":true,"type":"string"}}}}}}},"Domestic_Express":{"case":"DomesticExpress","actions":{"Parse_JSON_6":{"runAfter":{},"type":"ParseJson","inputs":{"content":"@triggerBody()['text']","schema":{"type":"array","items":{"type":"object","properties":{"Date":{"type":"string"},"Department":{"type":"string"},"DomesticExpressId":{"type":"string"},"Requester":{"type":"string"},"Status":{"type":"string"},"What":{"type":"string"}},"required":["Date","Department","DomesticExpressId","Requester","Status","What"]}}}},"Create_CSV_table_6":{"runAfter":{"Parse_JSON_6":["Succeeded"]},"type":"Table","inputs":{"from":"@body('Parse_JSON_6')","format":"CSV"}},"Create_file_6":{"runAfter":{"Create_CSV_table_6":["Succeeded"]},"type":"OpenApiConnection","inputs":{"host":{"apiId":"/providers/Microsoft.PowerApps/apis/shared_sharepointonline","connectionName":"shared_sharepointonline","operationId":"CreateFile"},"parameters":{"dataset":"https://musictribe.sharepoint.com/sites/ApprovalRequests","folderPath":"/Shared Documents/Excels","name":"Export_@{formatDateTime(utcNow(), 'yyyyMMddhhmmss')}.csv","body":"@body('Create_CSV_table_6')"},"authentication":{"value":"@json(decodeBase64(triggerOutputs().headers['X-MS-APIM-Tokens']))['$ConnectionKey']","type":"Raw"}},"runtimeConfiguration":{"contentTransfer":{"transferMode":"Chunked"}}},"Compose_6":{"runAfter":{"Create_file_6":["Succeeded"]},"type":"Compose","inputs":"https://musictribe.sharepoint.com/sites/ApprovalRequests@{outputs('Create_file_6')?['body/Path']}"},"Respond_to_a_PowerApp_or_flow_6":{"runAfter":{"Compose_6":["Succeeded"]},"type":"Response","kind":"PowerApp","inputs":{"statusCode":200,"body":{"likedoutput":"@{outputs('Compose_6')}"},"schema":{"type":"object","properties":{"likedoutput":{"title":"LikedOutput","x-ms-dynamically-added":true,"type":"string"}}}}}}},"Case":{"case":"Credit Card","actions":{"Parse_JSON_10":{"runAfter":{},"type":"ParseJson","inputs":{"content":"@triggerBody()['text']","schema":{"type":"array","items":{"type":"object","properties":{"Created":{"type":"string"},"Department":{"type":"string"},"DomesticExpressId":{"type":"string"},"Requester":{"type":"string"},"Status":{"type":"string"},"Subject":{"type":"string"}},"required":["Created","Department","DomesticExpressId","Requester","Status","Subject"]}}}},"Create_CSV_table_10":{"runAfter":{"Parse_JSON_10":["Succeeded"]},"type":"Table","inputs":{"from":"@body('Parse_JSON_10')","format":"CSV"}},"Create_file_10":{"runAfter":{"Create_CSV_table_10":["Succeeded"]},"type":"OpenApiConnection","inputs":{"host":{"apiId":"/providers/Microsoft.PowerApps/apis/shared_sharepointonline","connectionName":"shared_sharepointonline","operationId":"CreateFile"},"parameters":{"dataset":"https://musictribe.sharepoint.com/sites/ApprovalRequests","folderPath":"/Shared Documents/Excels","name":"Export_@{formatDateTime(utcNow(), 'yyyyMMddhhmmss')}.csv","body":"@body('Create_CSV_table_10')"},"authentication":{"value":"@json(decodeBase64(triggerOutputs().headers['X-MS-APIM-Tokens']))['$ConnectionKey']","type":"Raw"}},"runtimeConfiguration":{"contentTransfer":{"transferMode":"Chunked"}}},"Compose_10":{"runAfter":{"Create_file_10":["Succeeded"]},"type":"Compose","inputs":"https://musictribe.sharepoint.com/sites/ApprovalRequests@{outputs('Create_file_10')?['body/Path']}"},"Respond_to_a_PowerApp_or_flow_10":{"runAfter":{"Compose_10":["Succeeded"]},"type":"Response","kind":"PowerApp","inputs":{"statusCode":200,"body":{"likedoutput":"@{outputs('Compose_10')}"},"schema":{"type":"object","properties":{"likedoutput":{"title":"LikedOutput","x-ms-dynamically-added":true,"type":"string"}}}}}}},"Case_2":{"case":"Spot_Award","actions":{"Parse_JSON_11":{"runAfter":{},"type":"ParseJson","inputs":{"content":"@triggerBody()['text']","schema":{"type":"array","items":{"type":"object","properties":{"Created":{"type":"string"},"Department":{"type":"string"},"DomesticExpressId":{"type":"string"},"Requester":{"type":"string"},"Status":{"type":"string"},"Subject":{"type":"string"}},"required":["Created","Department","DomesticExpressId","Requester","Status","Subject"]}}}},"Create_CSV_table_11":{"runAfter":{"Parse_JSON_11":["Succeeded"]},"type":"Table","inputs":{"from":"@body('Parse_JSON_11')","format":"CSV"}},"Create_file_11":{"runAfter":{"Create_CSV_table_11":["Succeeded"]},"type":"OpenApiConnection","inputs":{"host":{"apiId":"/providers/Microsoft.PowerApps/apis/shared_sharepointonline","connectionName":"shared_sharepointonline","operationId":"CreateFile"},"parameters":{"dataset":"https://musictribe.sharepoint.com/sites/ApprovalRequests","folderPath":"/Shared Documents/Excels","name":"Export_@{formatDateTime(utcNow(), 'yyyyMMddhhmmss')}.csv","body":"@body('Create_CSV_table_11')"},"authentication":{"value":"@json(decodeBase64(triggerOutputs().headers['X-MS-APIM-Tokens']))['$ConnectionKey']","type":"Raw"}},"runtimeConfiguration":{"contentTransfer":{"transferMode":"Chunked"}}},"Compose_11":{"runAfter":{"Create_file_11":["Succeeded"]},"type":"Compose","inputs":"https://musictribe.sharepoint.com/sites/ApprovalRequests@{outputs('Create_file_11')?['body/Path']}"},"Respond_to_a_PowerApp_or_flow_11":{"runAfter":{"Compose_11":["Succeeded"]},"type":"Response","kind":"PowerApp","inputs":{"statusCode":200,"body":{"likedoutput":"@{outputs('Compose_11')}"},"schema":{"type":"object","properties":{"likedoutput":{"title":"LikedOutput","x-ms-dynamically-added":true,"type":"string"}}}}}}}},"default":{"actions":{}},"expression":"@triggerBody()['text_1']","metadata":{"operationMetadataId":"769a5ca9-5acb-4ccb-98cf-29a5df95264d"},"type":"Switch"}},"outputs":{}},"connectionReferences":{"shared_sharepointonline":{"connectionName":"6484cbd182c04aa4a4d7ee0a574076dd","source":"Invoker","id":"/providers/Microsoft.PowerApps/apis/shared_sharepointonline","tier":"NotSpecified"}},"flowFailureAlertSubscribed":false,"isManaged":false}}