{"name":"0b58b2d7-c127-477c-a9a2-e0b0b228e6a7","id":"/providers/Microsoft.Flow/flows/0b58b2d7-c127-477c-a9a2-e0b0b228e6a7","type":"Microsoft.Flow/flows","properties":{"apiId":"/providers/Microsoft.PowerApps/apis/shared_logicflows","displayName":"Power Apps Export to excel ","definition":{"metadata":{"workflowEntityId":null,"processAdvisorMetadata":null,"flowChargedByPaygo":null,"flowclientsuspensionreason":"None","flowclientsuspensiontime":null,"flowclientsuspensionreasondetails":null,"creator":{"id":"f055559c-8c89-4309-bea9-30e5d3724195","type":"User","tenantId":"f2c6769c-5005-42ae-b64b-bfd1758bc7e2"},"provisioningMethod":"FromDefinition","failureAlertSubscription":true,"clientLastModifiedTime":"2023-09-08T08:09:13.727757Z"},"$schema":"https://schema.management.azure.com/providers/Microsoft.Logic/schemas/2016-06-01/workflowdefinition.json#","contentVersion":"1.0.0.0","parameters":{"$connections":{"defaultValue":{},"type":"Object"},"$authentication":{"defaultValue":{},"type":"SecureObject"}},"triggers":{"manual":{"metadata":{"operationMetadataId":"c74ae047-6a32-406f-b65d-b763bd5bd9e1"},"type":"Request","kind":"PowerAppV2","inputs":{"schema":{"type":"object","properties":{"text":{"title":"JsonInput","type":"string","x-ms-dynamically-added":true,"description":"Please enter your input","x-ms-content-hint":"TEXT"},"text_1":{"title":"InputFrom","type":"string","x-ms-dynamically-added":true,"description":"Please enter your input","x-ms-content-hint":"TEXT"}},"required":["text","text_1"]}}}},"actions":{"Switch":{"runAfter":{},"cases":{"Canteen_Duty":{"case":"Canteen Duty","actions":{"Parse_JSON":{"runAfter":{},"metadata":{"operationMetadataId":"439b93fa-a48a-4d80-b076-18e39c4466d7"},"type":"ParseJson","inputs":{"content":"@triggerBody()['text']","schema":{"type":"array","items":{"type":"object","properties":{"CanteenID":{"type":["string","null"]},"Department":{"type":["string","null"]},"Date":{"type":["string","null"]},"Requester":{"type":["string","null"]},"Status":{"type":["string","null"]}},"required":["CanteenID","Department","Date","Requester","Status"]}}}},"Create_CSV_table":{"runAfter":{"Parse_JSON":["Succeeded"]},"metadata":{"operationMetadataId":"265f378b-929e-46ae-9980-14c104fd7d73"},"type":"Table","inputs":{"from":"@body('Parse_JSON')","format":"CSV"}},"Create_file":{"runAfter":{"Create_CSV_table":["Succeeded"]},"metadata":{"operationMetadataId":"d505a4c5-0e92-449a-b91f-0bfbe85aaf90"},"type":"OpenApiConnection","inputs":{"host":{"apiId":"/providers/Microsoft.PowerApps/apis/shared_sharepointonline","connectionName":"shared_sharepointonline_1","operationId":"CreateFile"},"parameters":{"dataset":"https://musictribe.sharepoint.com/sites/ApprovalRequests","folderPath":"/Shared Documents/Excels","name":"Export_@{formatDateTime(utcNow(), 'yyyyMMddhhmmss')}.csv","body":"@body('Create_CSV_table')"},"authentication":{"value":"@json(decodeBase64(triggerOutputs().headers['X-MS-APIM-Tokens']))['$ConnectionKey']","type":"Raw"}},"runtimeConfiguration":{"contentTransfer":{"transferMode":"Chunked"}}},"Compose_2":{"runAfter":{"Create_file":["Succeeded"]},"metadata":{"operationMetadataId":"698cfc28-1b21-4bc9-bcb5-13c61d6f2252"},"type":"Compose","inputs":"https://musictribe.sharepoint.com/sites/ApprovalRequests@{outputs('Create_file')?['body/Path']}"},"Respond_to_a_PowerApp_or_flow":{"runAfter":{"Compose_2":["Succeeded"]},"metadata":{"operationMetadataId":"95ef4990-8356-4470-8e7a-6a8a7502448c"},"type":"Response","kind":"PowerApp","inputs":{"statusCode":200,"body":{"likedoutput":"@{outputs('Compose_2')}"},"schema":{"type":"object","properties":{"likedoutput":{"title":"LikedOutput","x-ms-dynamically-added":true,"type":"string"}}}}}}},"Overtime":{"case":"OT","actions":{"Parse_JSON_2":{"runAfter":{},"metadata":{"operationMetadataId":"71fc03e4-ade6-48b1-b1b8-eccb2acf9cee"},"type":"ParseJson","inputs":{"content":"@triggerBody()['text']","schema":{"type":"array","items":{"type":"object","properties":{"Date":{},"Department":{"type":"string"},"EndDate":{},"OverTimeID":{"type":"string"},"Requester":{"type":"string"}},"required":["Date","Department","EndDate","OverTimeID","Requester"]}}}},"Create_CSV_table_2":{"runAfter":{"Parse_JSON_2":["Succeeded"]},"metadata":{"operationMetadataId":"7d80e11f-23c8-4f2a-b56c-54c7163eaa91"},"type":"Table","inputs":{"from":"@body('Parse_JSON_2')","format":"CSV"}},"Create_file_2":{"runAfter":{"Create_CSV_table_2":["Succeeded"]},"metadata":{"operationMetadataId":"fb4536c5-395a-4731-930d-b50301f7e03d"},"type":"OpenApiConnection","inputs":{"host":{"apiId":"/providers/Microsoft.PowerApps/apis/shared_sharepointonline","connectionName":"shared_sharepointonline_1","operationId":"CreateFile"},"parameters":{"dataset":"https://musictribe.sharepoint.com/sites/ApprovalRequests","folderPath":"/Shared Documents/Excels","name":"Export_@{formatDateTime(utcNow(), 'yyyyMMddhhmmss')}.csv","body":"@body('Create_CSV_table_2')"},"authentication":{"value":"@json(decodeBase64(triggerOutputs().headers['X-MS-APIM-Tokens']))['$ConnectionKey']","type":"Raw"}},"runtimeConfiguration":{"contentTransfer":{"transferMode":"Chunked"}}},"Compose":{"runAfter":{"Create_file_2":["Succeeded"]},"metadata":{"operationMetadataId":"957e95b1-5496-4fa7-b9d0-ff611ab74894"},"type":"Compose","inputs":"https://musictribe.sharepoint.com/sites/ApprovalRequests@{outputs('Create_file_2')?['body/Path']}"},"Respond_to_a_PowerApp_or_flow_2":{"runAfter":{"Compose":["Succeeded"]},"metadata":{"operationMetadataId":"26b4b571-8a68-4a7e-bbe6-2e1808e23678"},"type":"Response","kind":"PowerApp","inputs":{"statusCode":200,"body":{"likedoutput":"@{outputs('Compose')}"},"schema":{"type":"object","properties":{"likedoutput":{"title":"LikedOutput","x-ms-dynamically-added":true,"type":"string"}}}}}}},"MedicalRequest":{"case":"MedicalRequest","actions":{"Parse_JSON_3":{"runAfter":{},"metadata":{"operationMetadataId":"3bd1a53c-0831-4d9e-80f7-67be4c6d1bf7"},"type":"ParseJson","inputs":{"content":"@triggerBody()['text']","schema":{"type":"array","items":{"type":"object","properties":{"Requester":{"type":["string","null"]},"Department":{"type":["string","null"]},"Date":{"type":["string","null"]},"Why":{"type":["string","null"]},"Medication":{"type":["string","null"]},"Status":{"type":["string","null"]},"Title":{"type":["string","null"]}},"reqiured":["Title","Requester","Department","Date","Why","Medication","Status"]}}}},"Create_CSV_table_3":{"runAfter":{"Parse_JSON_3":["Succeeded"]},"metadata":{"operationMetadataId":"2fdcc3e5-790d-4eff-b951-5f7ea95a1344"},"type":"Table","inputs":{"from":"@body('Parse_JSON_3')","format":"CSV"}},"Create_file_3":{"runAfter":{"Create_CSV_table_3":["Succeeded"]},"metadata":{"operationMetadataId":"c1f98075-c528-456c-8abd-cb264d8f1cbc"},"type":"OpenApiConnection","inputs":{"host":{"apiId":"/providers/Microsoft.PowerApps/apis/shared_sharepointonline","connectionName":"shared_sharepointonline_1","operationId":"CreateFile"},"parameters":{"dataset":"https://musictribe.sharepoint.com/sites/ApprovalRequests","folderPath":"/Shared Documents/Excels","name":"Export_@{formatDateTime(utcNow(), 'yyyyMMddhhmmss')}.csv","body":"@body('Create_CSV_table_3')"},"authentication":{"value":"@json(decodeBase64(triggerOutputs().headers['X-MS-APIM-Tokens']))['$ConnectionKey']","type":"Raw"}},"runtimeConfiguration":{"contentTransfer":{"transferMode":"Chunked"}}},"Compose_3":{"runAfter":{"Create_file_3":["Succeeded"]},"metadata":{"operationMetadataId":"e9d1fe4f-735d-46e5-bfca-f0a40d8cbf24"},"type":"Compose","inputs":"https://musictribe.sharepoint.com/sites/ApprovalRequests@{outputs('Create_file_3')?['body/Path']}"},"Respond_to_a_PowerApp_or_flow_3":{"runAfter":{"Compose_3":["Succeeded"]},"metadata":{"operationMetadataId":"f8418700-c4ab-4743-b2c5-64846c388daf"},"type":"Response","kind":"PowerApp","inputs":{"statusCode":200,"body":{"likedoutput":"@{outputs('Compose_3')}"},"schema":{"type":"object","properties":{"likedoutput":{"title":"LikedOutput","x-ms-dynamically-added":true,"type":"string"}}}}}}},"MedicalFee":{"case":"MedicalFee","actions":{"Parse_JSON_4":{"runAfter":{},"metadata":{"operationMetadataId":"e6bc3217-e721-4280-a000-a29bec73c78d"},"type":"ParseJson","inputs":{"content":"@triggerBody()['text']","schema":{"type":"array","items":{"type":"object","properties":{"MedicationId":{"type":"string"},"Requester":{"type":"string"},"Department":{"type":"string"},"EffectiveDate":{"type":["string","null"]},"Why":{"type":"string"},"Status":{"type":"string"}},"reqiured":["MedicationId","Requester","Department","EffectiveDate","Why","Status"]}}}},"Create_CSV_table_4":{"runAfter":{"Parse_JSON_4":["Succeeded"]},"metadata":{"operationMetadataId":"686b7330-1570-4b10-906c-22900ee6076b"},"type":"Table","inputs":{"from":"@body('Parse_JSON_4')","format":"CSV"}},"Create_file_4":{"runAfter":{"Create_CSV_table_4":["Succeeded"]},"metadata":{"operationMetadataId":"0bafddc6-7b97-4d0a-9cb6-47d1f80924a3"},"type":"OpenApiConnection","inputs":{"host":{"apiId":"/providers/Microsoft.PowerApps/apis/shared_sharepointonline","connectionName":"shared_sharepointonline_1","operationId":"CreateFile"},"parameters":{"dataset":"https://musictribe.sharepoint.com/sites/ApprovalRequests","folderPath":"/Shared Documents/Excels","name":"Export_@{formatDateTime(utcNow(), 'yyyyMMddhhmmss')}.csv","body":"@body('Create_CSV_table_4')"},"authentication":{"value":"@json(decodeBase64(triggerOutputs().headers['X-MS-APIM-Tokens']))['$ConnectionKey']","type":"Raw"}},"runtimeConfiguration":{"contentTransfer":{"transferMode":"Chunked"}}},"Compose_4":{"runAfter":{"Create_file_4":["Succeeded"]},"metadata":{"operationMetadataId":"849c5516-5dc3-48c7-ae99-85d98ee23303"},"type":"Compose","inputs":"https://musictribe.sharepoint.com/sites/ApprovalRequests@{outputs('Create_file_4')?['body/Path']}"},"Respond_to_a_PowerApp_or_flow_4":{"runAfter":{"Compose_4":["Succeeded"]},"metadata":{"operationMetadataId":"ae56edb3-3bde-4787-96f4-bbf992ea2e4c"},"type":"Response","kind":"PowerApp","inputs":{"statusCode":200,"body":{"likedoutput":"@{outputs('Compose_4')}"},"schema":{"type":"object","properties":{"likedoutput":{"title":"LikedOutput","x-ms-dynamically-added":true,"type":"string"}}}}}}},"HousingAllowance":{"case":"HousingAllowance","actions":{"Parse_JSON_5":{"runAfter":{},"metadata":{"operationMetadataId":"93c6d675-b4ff-455c-9cf4-8ab8ba630f2a"},"type":"ParseJson","inputs":{"content":"@triggerBody()['text']","schema":{"type":"array","items":{"type":"object","properties":{"Allowance":{"type":"integer"},"Date":{"type":"string"},"Department":{"type":"string"},"HousingAllowanceId":{"type":"string"},"Requester":{"type":"string"},"Status":{"type":"string"}},"required":["Allowance","Date","Department","HousingAllowanceId","Requester","Status"]}}}},"Create_CSV_table_5":{"runAfter":{"Parse_JSON_5":["Succeeded"]},"metadata":{"operationMetadataId":"e1f9f689-9756-49e8-a51a-5724fc2180c8"},"type":"Table","inputs":{"from":"@body('Parse_JSON_5')","format":"CSV"}},"Create_file_5":{"runAfter":{"Create_CSV_table_5":["Succeeded"]},"metadata":{"operationMetadataId":"73bf4722-98c1-43a5-93a8-e333f326cd03"},"type":"OpenApiConnection","inputs":{"host":{"apiId":"/providers/Microsoft.PowerApps/apis/shared_sharepointonline","connectionName":"shared_sharepointonline_1","operationId":"CreateFile"},"parameters":{"dataset":"https://musictribe.sharepoint.com/sites/ApprovalRequests","folderPath":"/Shared Documents/Excels","name":"Export_@{formatDateTime(utcNow(), 'yyyyMMddhhmmss')}.csv","body":"@body('Create_CSV_table_5')"},"authentication":{"value":"@json(decodeBase64(triggerOutputs().headers['X-MS-APIM-Tokens']))['$ConnectionKey']","type":"Raw"}},"runtimeConfiguration":{"contentTransfer":{"transferMode":"Chunked"}}},"Compose_5":{"runAfter":{"Create_file_5":["Succeeded"]},"metadata":{"operationMetadataId":"6291f1b2-f33a-491a-935e-bda54bf0009c"},"type":"Compose","inputs":"https://musictribe.sharepoint.com/sites/ApprovalRequests@{outputs('Create_file_5')?['body/Path']}"},"Respond_to_a_PowerApp_or_flow_5":{"runAfter":{"Compose_5":["Succeeded"]},"metadata":{"operationMetadataId":"b44dc318-aa27-4e79-9a2b-71baad99986f"},"type":"Response","kind":"PowerApp","inputs":{"statusCode":200,"body":{"likedoutput":"@{outputs('Compose_5')}"},"schema":{"type":"object","properties":{"likedoutput":{"title":"LikedOutput","x-ms-dynamically-added":true,"type":"string"}}}}}}},"DormUtility":{"case":"DormUtility","actions":{"Parse_JSON_7":{"runAfter":{},"metadata":{"operationMetadataId":"03e42032-1b5d-4b64-a976-22158ceaf1c6"},"type":"ParseJson","inputs":{"content":"@triggerBody()['text']","schema":{"type":"array","items":{"type":"object","properties":{"Requester":{"type":["string","null"]},"FeeElectricity":{"type":["string","null"]},"StartDate":{"type":["string","null"]},"Status":{"type":["string","null"]},"EndDate":{"type":["string","null"]},"FeeWater":{"type":["string","null"]},"Approver":{"type":["string","null"]},"Department":{"type":["string","null"]},"DormUtilityId":{"type":["string","null"]}},"required":["Requester","FeeElectricity","StartDate","Status","EndDate","FeeWater","Approver","Department"]}}}},"Create_CSV_table_7":{"runAfter":{"Parse_JSON_7":["Succeeded"]},"metadata":{"operationMetadataId":"fca8f294-bcd5-4ea0-a701-3a4c57aeb861"},"type":"Table","inputs":{"from":"@body('Parse_JSON_7')","format":"CSV"}},"Create_file_7":{"runAfter":{"Create_CSV_table_7":["Succeeded"]},"metadata":{"operationMetadataId":"e499ac6a-6de8-4fca-92d5-f11047482d54"},"type":"OpenApiConnection","inputs":{"host":{"apiId":"/providers/Microsoft.PowerApps/apis/shared_sharepointonline","connectionName":"shared_sharepointonline_1","operationId":"CreateFile"},"parameters":{"dataset":"https://musictribe.sharepoint.com/sites/ApprovalRequests","folderPath":"/Shared Documents/Excels","name":"Export_@{formatDateTime(utcNow(), 'yyyyMMddhhmmss')}.csv","body":"@body('Create_CSV_table_7')"},"authentication":{"value":"@json(decodeBase64(triggerOutputs().headers['X-MS-APIM-Tokens']))['$ConnectionKey']","type":"Raw"}},"runtimeConfiguration":{"contentTransfer":{"transferMode":"Chunked"}}},"Compose_7":{"runAfter":{"Create_file_7":["Succeeded"]},"metadata":{"operationMetadataId":"77cbe156-ab57-4245-9c16-817bed5e0a55"},"type":"Compose","inputs":"https://musictribe.sharepoint.com/sites/ApprovalRequests@{outputs('Create_file_7')?['body/Path']}"},"Respond_to_a_PowerApp_or_flow_7":{"runAfter":{"Compose_7":["Succeeded"]},"metadata":{"operationMetadataId":"18bdb294-8efe-4c01-bfc5-f19e716bb699"},"type":"Response","kind":"PowerApp","inputs":{"statusCode":200,"body":{"likedoutput":"@{outputs('Compose_7')}"},"schema":{"type":"object","properties":{"likedoutput":{"title":"LikedOutput","x-ms-dynamically-added":true,"type":"string"}}}}}}},"Dorm_Rent":{"case":"Dorm Rent","actions":{"Parse_JSON_8":{"runAfter":{},"metadata":{"operationMetadataId":"5569e370-44d5-486f-a145-ff11dba6b464"},"type":"ParseJson","inputs":{"content":"@triggerBody()['text']","schema":{"type":"array","items":{"type":"object","properties":{"RentID":{"type":["string","null"]},"Requester":{"type":["string","null"]},"Status":{"type":["string","null"]},"Allowance":{"type":["string","null"]},"Date":{"type":["string","null"]}},"required":["RentID","Requester","Date","Status","Allowance"]}}}},"Create_CSV_table_8":{"runAfter":{"Parse_JSON_8":["Succeeded"]},"metadata":{"operationMetadataId":"6d25f93d-7fc1-4241-9516-e0c90532fbc3"},"type":"Table","inputs":{"from":"@body('Parse_JSON_8')","format":"CSV"}},"Create_file_8":{"runAfter":{"Create_CSV_table_8":["Succeeded"]},"metadata":{"operationMetadataId":"a42693cf-56f9-44d3-aa59-499badbdc766"},"type":"OpenApiConnection","inputs":{"host":{"apiId":"/providers/Microsoft.PowerApps/apis/shared_sharepointonline","connectionName":"shared_sharepointonline_1","operationId":"CreateFile"},"parameters":{"dataset":"https://musictribe.sharepoint.com/sites/ApprovalRequests","folderPath":"/Shared Documents/Excels","name":"Export_@{formatDateTime(utcNow(), 'yyyyMMddhhmmss')}.csv","body":"@body('Create_CSV_table_8')"},"authentication":{"value":"@json(decodeBase64(triggerOutputs().headers['X-MS-APIM-Tokens']))['$ConnectionKey']","type":"Raw"}},"runtimeConfiguration":{"contentTransfer":{"transferMode":"Chunked"}}},"Compose_8":{"runAfter":{"Create_file_8":["Succeeded"]},"metadata":{"operationMetadataId":"1a0159db-f20d-431f-93ba-9a96c715d7a0"},"type":"Compose","inputs":"https://musictribe.sharepoint.com/sites/ApprovalRequests@{outputs('Create_file_8')?['body/Path']}"},"Respond_to_a_PowerApp_or_flow_8":{"runAfter":{"Compose_8":["Succeeded"]},"metadata":{"operationMetadataId":"2d25da3e-6cf2-41bc-a1f1-12cce61d6707"},"type":"Response","kind":"PowerApp","inputs":{"statusCode":200,"body":{"likedoutput":"@{outputs('Compose_8')}"},"schema":{"type":"object","properties":{"likedoutput":{"title":"LikedOutput","x-ms-dynamically-added":true,"type":"string"}}}}}}},"GGP":{"case":"GGP","actions":{"Parse_JSON_9":{"runAfter":{},"metadata":{"operationMetadataId":"8f7e032d-27d6-495a-a6af-0533a239e3d9"},"type":"ParseJson","inputs":{"content":"@triggerBody()['text']","schema":{"type":"array","items":{"type":"object","properties":{"Title":{"type":"string"},"Requester":{"type":["string","null"]},"Why":{"type":["string","null"]},"What":{"type":["string","null"]},"Status":{"type":["string","null"]},"Department":{"type":["string","null"]}},"required":["Title","Requester","Why","What","Status","Department"]}}}},"Create_CSV_table_9":{"runAfter":{"Parse_JSON_9":["Succeeded"]},"metadata":{"operationMetadataId":"a5da58fb-f691-4943-a9e4-6d79c4344cd0"},"type":"Table","inputs":{"from":"@body('Parse_JSON_9')","format":"CSV"}},"Create_file_9":{"runAfter":{"Create_CSV_table_9":["Succeeded"]},"metadata":{"operationMetadataId":"5b017cc1-b652-4a70-8439-60e17664bbcb"},"type":"OpenApiConnection","inputs":{"host":{"apiId":"/providers/Microsoft.PowerApps/apis/shared_sharepointonline","connectionName":"shared_sharepointonline_1","operationId":"CreateFile"},"parameters":{"dataset":"https://musictribe.sharepoint.com/sites/ApprovalRequests","folderPath":"/Shared Documents/Excels","name":"Export_@{formatDateTime(utcNow(), 'yyyyMMddhhmmss')}.csv","body":"@body('Create_CSV_table_9')"},"authentication":{"value":"@json(decodeBase64(triggerOutputs().headers['X-MS-APIM-Tokens']))['$ConnectionKey']","type":"Raw"}},"runtimeConfiguration":{"contentTransfer":{"transferMode":"Chunked"}}},"Compose_9":{"runAfter":{"Create_file_9":["Succeeded"]},"metadata":{"operationMetadataId":"12b474a1-c049-4e89-9ffb-acc86ec80498"},"type":"Compose","inputs":"https://musictribe.sharepoint.com/sites/ApprovalRequests@{outputs('Create_file_9')?['body/Path']}"},"Respond_to_a_PowerApp_or_flow_9":{"runAfter":{"Compose_9":["Succeeded"]},"metadata":{"operationMetadataId":"00b11fa1-3987-493e-b0c6-ed7e3acab9b8"},"type":"Response","kind":"PowerApp","inputs":{"statusCode":200,"body":{"likedoutput":"@{outputs('Compose_9')}"},"schema":{"type":"object","properties":{"likedoutput":{"title":"LikedOutput","x-ms-dynamically-added":true,"type":"string"}}}}}}},"Domestic_Express":{"case":"DomesticExpress","actions":{"Parse_JSON_6":{"runAfter":{},"metadata":{"operationMetadataId":"b1e9b56c-9116-45b0-94ba-6743d6674166"},"type":"ParseJson","inputs":{"content":"@triggerBody()['text']","schema":{"type":"array","items":{"type":"object","properties":{"Date":{"type":"string"},"Department":{"type":"string"},"DomesticExpressId":{"type":"string"},"Requester":{"type":"string"},"Status":{"type":"string"},"What":{"type":"string"}},"required":["Date","Department","DomesticExpressId","Requester","Status","What"]}}}},"Create_CSV_table_6":{"runAfter":{"Parse_JSON_6":["Succeeded"]},"metadata":{"operationMetadataId":"c93dbc15-2ff2-43cd-9961-70989a73e891"},"type":"Table","inputs":{"from":"@body('Parse_JSON_6')","format":"CSV"}},"Create_file_6":{"runAfter":{"Create_CSV_table_6":["Succeeded"]},"metadata":{"operationMetadataId":"58a69b35-fbb7-4a29-af98-0b371edfcb67"},"type":"OpenApiConnection","inputs":{"host":{"apiId":"/providers/Microsoft.PowerApps/apis/shared_sharepointonline","connectionName":"shared_sharepointonline_1","operationId":"CreateFile"},"parameters":{"dataset":"https://musictribe.sharepoint.com/sites/ApprovalRequests","folderPath":"/Shared Documents/Excels","name":"Export_@{formatDateTime(utcNow(), 'yyyyMMddhhmmss')}.csv","body":"@body('Create_CSV_table_6')"},"authentication":{"value":"@json(decodeBase64(triggerOutputs().headers['X-MS-APIM-Tokens']))['$ConnectionKey']","type":"Raw"}},"runtimeConfiguration":{"contentTransfer":{"transferMode":"Chunked"}}},"Compose_6":{"runAfter":{"Create_file_6":["Succeeded"]},"metadata":{"operationMetadataId":"7a5f1b9b-d1b3-487b-92e6-51c9ff6c36d0"},"type":"Compose","inputs":"https://musictribe.sharepoint.com/sites/ApprovalRequests@{outputs('Create_file_6')?['body/Path']}"},"Respond_to_a_PowerApp_or_flow_6":{"runAfter":{"Compose_6":["Succeeded"]},"metadata":{"operationMetadataId":"38830f7c-5512-459a-b511-2c448f680d53"},"type":"Response","kind":"PowerApp","inputs":{"statusCode":200,"body":{"likedoutput":"@{outputs('Compose_6')}"},"schema":{"type":"object","properties":{"likedoutput":{"title":"LikedOutput","x-ms-dynamically-added":true,"type":"string"}}}}}}},"Credit_Card":{"case":"Credit Card","actions":{"Parse_JSON_10":{"runAfter":{},"metadata":{"operationMetadataId":"d8589949-f4d5-400b-a644-5bb1e51569ed"},"type":"ParseJson","inputs":{"content":"@triggerBody()['text']","schema":{"type":"array","items":{"type":"object","properties":{"Created":{"type":"string"},"Department":{"type":"string"},"DomesticExpressId":{"type":"string"},"Requester":{"type":"string"},"Status":{"type":"string"},"Subject":{"type":"string"}},"required":["Created","Department","DomesticExpressId","Requester","Status","Subject"]}}}},"Create_CSV_table_10":{"runAfter":{"Parse_JSON_10":["Succeeded"]},"metadata":{"operationMetadataId":"e8571d80-4f75-492b-b454-f6424c67ffc5"},"type":"Table","inputs":{"from":"@body('Parse_JSON_10')","format":"CSV"}},"Create_file_10":{"runAfter":{"Create_CSV_table_10":["Succeeded"]},"metadata":{"operationMetadataId":"0458ddd8-beed-47e3-9f92-07dac3eb0f4a"},"type":"OpenApiConnection","inputs":{"host":{"apiId":"/providers/Microsoft.PowerApps/apis/shared_sharepointonline","connectionName":"shared_sharepointonline_1","operationId":"CreateFile"},"parameters":{"dataset":"https://musictribe.sharepoint.com/sites/ApprovalRequests","folderPath":"/Shared Documents/Excels","name":"Export_@{formatDateTime(utcNow(), 'yyyyMMddhhmmss')}.csv","body":"@body('Create_CSV_table_10')"},"authentication":{"value":"@json(decodeBase64(triggerOutputs().headers['X-MS-APIM-Tokens']))['$ConnectionKey']","type":"Raw"}},"runtimeConfiguration":{"contentTransfer":{"transferMode":"Chunked"}}},"Compose_10":{"runAfter":{"Create_file_10":["Succeeded"]},"metadata":{"operationMetadataId":"f08b05d0-c0ac-4ca9-9767-c171ea9b622d"},"type":"Compose","inputs":"https://musictribe.sharepoint.com/sites/ApprovalRequests@{outputs('Create_file_10')?['body/Path']}"},"Respond_to_a_PowerApp_or_flow_10":{"runAfter":{"Compose_10":["Succeeded"]},"metadata":{"operationMetadataId":"78c97b02-304c-4427-95af-da67af7c80a6"},"type":"Response","kind":"PowerApp","inputs":{"statusCode":200,"body":{"likedoutput":"@{outputs('Compose_10')}"},"schema":{"type":"object","properties":{"likedoutput":{"title":"LikedOutput","x-ms-dynamically-added":true,"type":"string"}}}}}}},"Sport_Award":{"case":"Spot_Award","actions":{"Parse_JSON_11":{"runAfter":{},"metadata":{"operationMetadataId":"84c4dbcf-3704-4037-ad4b-706c0f430561"},"type":"ParseJson","inputs":{"content":"@triggerBody()['text']","schema":{"type":"array","items":{"type":"object","properties":{"Created":{"type":"string"},"Department":{"type":"string"},"DomesticExpressId":{"type":"string"},"Requester":{"type":"string"},"Status":{"type":"string"},"Subject":{"type":"string"}},"required":["Created","Department","DomesticExpressId","Requester","Status","Subject"]}}}},"Create_CSV_table_11":{"runAfter":{"Parse_JSON_11":["Succeeded"]},"metadata":{"operationMetadataId":"e72b5f2b-50d7-49a2-8cda-1783dc113115"},"type":"Table","inputs":{"from":"@body('Parse_JSON_11')","format":"CSV"}},"Create_file_11":{"runAfter":{"Create_CSV_table_11":["Succeeded"]},"metadata":{"operationMetadataId":"4318792e-ed1b-4476-a0b3-06f8cb4b0ca1"},"type":"OpenApiConnection","inputs":{"host":{"apiId":"/providers/Microsoft.PowerApps/apis/shared_sharepointonline","connectionName":"shared_sharepointonline_1","operationId":"CreateFile"},"parameters":{"dataset":"https://musictribe.sharepoint.com/sites/ApprovalRequests","folderPath":"/Shared Documents/Excels","name":"Export_@{formatDateTime(utcNow(), 'yyyyMMddhhmmss')}.csv","body":"@body('Create_CSV_table_11')"},"authentication":{"value":"@json(decodeBase64(triggerOutputs().headers['X-MS-APIM-Tokens']))['$ConnectionKey']","type":"Raw"}},"runtimeConfiguration":{"contentTransfer":{"transferMode":"Chunked"}}},"Compose_11":{"runAfter":{"Create_file_11":["Succeeded"]},"metadata":{"operationMetadataId":"e5eb16d2-aa66-41bd-b645-39555e03ca37"},"type":"Compose","inputs":"https://musictribe.sharepoint.com/sites/ApprovalRequests@{outputs('Create_file_11')?['body/Path']}"},"Respond_to_a_PowerApp_or_flow_11":{"runAfter":{"Compose_11":["Succeeded"]},"metadata":{"operationMetadataId":"1d24158f-97fb-4496-8d0e-488cbcc5adcf"},"type":"Response","kind":"PowerApp","inputs":{"statusCode":200,"body":{"likedoutput":"@{outputs('Compose_11')}"},"schema":{"type":"object","properties":{"likedoutput":{"title":"LikedOutput","x-ms-dynamically-added":true,"type":"string"}}}}}}}},"default":{"actions":{}},"expression":"@triggerBody()['text_1']","metadata":{"operationMetadataId":"769a5ca9-5acb-4ccb-98cf-29a5df95264d"},"type":"Switch"}},"outputs":{}},"connectionReferences":{"shared_sharepointonline_1":{"connectionName":"6484cbd182c04aa4a4d7ee0a574076dd","source":"Invoker","id":"/providers/Microsoft.PowerApps/apis/shared_sharepointonline","tier":"NotSpecified"}},"flowFailureAlertSubscribed":false,"isManaged":false}}