{"schemaVersion":"1.0","appDefinitionTemplate":{"id":"/providers/Microsoft.PowerApps/apps/","type":"Microsoft.PowerApps/apps","tags":{"primaryDeviceWidth":"2000","primaryDeviceHeight":"900","supportsPortrait":"false","supportsLandscape":"true","primaryFormFactor":"Tablet","publisherVersion":"3.23032.12","minimumRequiredApiVersion":"2.2.0","hasComponent":"true","hasUnlockedComponent":"true","isUnifiedRootApp":"false","sienaVersion":"20230322T111628Z-3.23032.12.0"},"properties":{"appVersion":"2023-03-22T11:16:28Z","lifeCycleId":"Published","createdByClientVersion":{"major":3,"minor":23032,"build":12,"revision":0,"majorRevision":0,"minorRevision":0},"minClientVersion":{"major":3,"minor":23032,"build":12,"revision":0,"majorRevision":0,"minorRevision":0},"backgroundColor":"rgba(49, 46, 70, 1)","backgroundImageUri":"/1188619702045495768/N0e197758-831e-4eb5-bba7-8cdcb03c8e8c-logoSmallFile","displayName":"EHS Inspection CheckList - UAT","description":"","commitMessage":"","appUris":{"documentUri":{"value":"/1188619702045495768/Nb765ab40-d2a5-472a-b2a6-844ad544bd8b-document.msapp"},"imageUris":[],"additionalUris":[]},"createdTime":"0001-01-01T00:00:00Z","lastModifiedTime":"0001-01-01T00:00:00Z","sharedGroupsCount":0,"sharedUsersCount":0,"connectionReferences":{"0655a042-b8ba-4fe1-aa63-07909a77009f":{"id":"7986d17f-a876-48ee-a8ea-ea51cd8c0d16","displayName":"Office 365 Users","iconUri":"https://connectoricons-prod.azureedge.net/u/laborbol/releases/ase-v3/1.0.1622.3200/office365users/icon.png","dataSources":["Office365Users"],"dependencies":[],"dependents":[],"parameterHints":{},"parameterHintsV2":{},"isOnPremiseConnection":false,"bypassConsent":false,"dataSets":{},"apiTier":"Standard","isCustomApiConnection":false,"actions":["SearchUser","UserProfile"]},"c267dd28-320f-464c-b4ed-1828a26c5dab":{"id":"31a971df-7b76-4991-aaa1-3e7bcaf2fcd2","displayName":"Office 365 Outlook","iconUri":"https://connectoricons-prod.azureedge.net/u/laborbol/patches/1624/ase-v3-la-99-no-usgov/1.0.1624.3222/office365/icon.png","dataSources":["Office365Outlook"],"dependencies":[],"dependents":[],"parameterHints":{},"parameterHintsV2":{},"isOnPremiseConnection":false,"bypassConsent":false,"dataSets":{},"apiTier":"Standard","isCustomApiConnection":false,"actions":["SendEmailV2"]},"e1876e19-0c69-476e-a59c-67a4b7495d08":{"id":"80776bea-6580-45e5-9e72-ed169f938f80","displayName":"SharePoint","iconUri":"https://connectoricons-prod.azureedge.net/releases/v1.0.1623/1.0.1623.3210/sharepointonline/icon.png","dataSources":["Category Master","Checklist Answers","Checklist Site Data","Checklist Summary","Country Master","Documents","EHS Manager Master","Questionnaire","Region Master","Site Master","User Master"],"dependencies":[],"dependents":["a9206eac-e336-4736-a1b1-ada601987063","319ec1b3-1705-4876-bd37-5d05962692dd"],"parameterHints":{},"parameterHintsV2":{},"isOnPremiseConnection":false,"bypassConsent":false,"dataSets":{"https://alankaeon789.sharepoint.com/sites/DemoAlstomlist":{"dataSources":{"Category Master":{"tableName":"8dbdc36d-4339-46c2-b4df-cd29d6aafd62"},"Checklist Answers":{"tableName":"d53c9910-1b61-4e30-8fb1-8ff43444518e"},"Checklist Site Data":{"tableName":"51c3def1-e765-4e77-b14a-1398412f27ca"},"Checklist Summary":{"tableName":"3461f67b-7000-4a2c-8162-27806d895d32"},"Country Master":{"tableName":"b8494560-c257-45d9-8845-8889a1943e54"},"Documents":{"tableName":"f4be1c59-b778-4ef3-846e-d9bad6b6e54e"},"EHS Manager Master":{"tableName":"48129d79-1e0d-45f9-bb1f-3b9f98ff541e"},"Questionnaire":{"tableName":"e4992851-b50e-4df7-be46-643850db0821"},"Region Master":{"tableName":"c6408101-7e0d-44c3-b468-643f4e92705a"},"Site Master":{"tableName":"a7a1c376-14e5-4b1f-9df0-194ad0a3e21d"},"User Master":{"tableName":"c45f7c72-5e84-4585-98be-64e89d97eeba"}}}},"apiTier":"Standard","isCustomApiConnection":false,"actions":["providers/PowerPlatform.Governance/Operations/Read","providers/PowerPlatform.Governance/Operations/Write","providers/PowerPlatform.Governance/Operations/Delete"]},"ab6d882a-0582-448b-8ec4-7cac48aa3399":{"id":"13f56dfc-82e0-48f2-bcf7-7a1a772bf3db","displayName":"Logic flows","iconUri":"https://connectoricons-prod.azureedge.net/releases/v1.0.1615/1.0.1615.3163/logicflows/icon.png","dataSources":["Deleteattachment"],"dependencies":["3e36be40-e983-4bb9-a1c1-901d134f4d17"],"dependents":[],"parameterHints":{"workflowName":{"value":"86ee66d6-0021-4ff5-9b7c-c804eaa88136"},"workflowEntityId":{},"3e36be40-e983-4bb9-a1c1-901d134f4d17":{"value":"shared_sharepointonline"}},"parameterHintsV2":{"workflowName":{"value":"86ee66d6-0021-4ff5-9b7c-c804eaa88136"},"workflowEntityId":{},"shared_sharepointonline":{"value":"3e36be40-e983-4bb9-a1c1-901d134f4d17"}},"isOnPremiseConnection":false,"bypassConsent":false,"dataSets":{},"apiTier":"Standard","isCustomApiConnection":false,"actions":["Run"],"nestedActions":[{"id":"/providers/Microsoft.PowerApps/apis/shared_sharepointonline/apiOperations/DeleteAttachment","apiName":"SharePoint","actionName":"DeleteAttachment","referencedResources":[{"key":"site","value":"https://alstomgroup.sharepoint.com/sites/IS&TPowerApps/EHSCheckList"},{"key":"list","value":"80113ea5-3d33-4b50-b769-bfe3b642a9d4"}]}]},"3e36be40-e983-4bb9-a1c1-901d134f4d17":{"id":"80776bea-6580-45e5-9e72-ed169f938f80","displayName":"SharePoint","iconUri":"https://connectoricons-prod.azureedge.net/releases/v1.0.1623/1.0.1623.3210/sharepointonline/icon.png","dataSources":[],"dependencies":[],"dependents":["ab6d882a-0582-448b-8ec4-7cac48aa3399","b5408657-cb6f-49f1-95fa-62b0fb17579a","8960d505-64c7-44b6-83bc-4c876231361f","9d798c6b-3c26-4525-b3fd-bbe055aff381","3249297a-d8a7-4120-a703-21d85a414ccd"],"parameterHints":{},"parameterHintsV2":{},"isOnPremiseConnection":false,"bypassConsent":false,"dataSets":{},"apiTier":"Standard","isCustomApiConnection":false,"actions":["providers/PowerPlatform.Governance/Operations/Read"]},"a9206eac-e336-4736-a1b1-ada601987063":{"id":"13f56dfc-82e0-48f2-bcf7-7a1a772bf3db","displayName":"Logic flows","iconUri":"https://connectoricons-prod.azureedge.net/releases/v1.0.1615/1.0.1615.3163/logicflows/icon.png","dataSources":["PowerAppsExporttoexcel-2"],"dependencies":["e1876e19-0c69-476e-a59c-67a4b7495d08"],"dependents":[],"parameterHints":{"workflowName":{"value":"27e84cdc-a23b-436e-b47e-2f0f4f9fbc8e"},"workflowEntityId":{},"e1876e19-0c69-476e-a59c-67a4b7495d08":{"value":"shared_sharepointonline"}},"parameterHintsV2":{"workflowName":{"value":"27e84cdc-a23b-436e-b47e-2f0f4f9fbc8e"},"workflowEntityId":{},"shared_sharepointonline":{"value":"e1876e19-0c69-476e-a59c-67a4b7495d08"}},"isOnPremiseConnection":false,"bypassConsent":false,"dataSets":{},"apiTier":"Standard","isCustomApiConnection":false,"nestedActions":[{"id":"/providers/Microsoft.PowerApps/apis/shared_sharepointonline/apiOperations/CreateFile","apiName":"SharePoint","actionName":"CreateFile","referencedResources":[{"key":"site","value":"https://musictribe.sharepoint.com/sites/ApprovalRequests"}]}]},"319ec1b3-1705-4876-bd37-5d05962692dd":{"id":"13f56dfc-82e0-48f2-bcf7-7a1a772bf3db","displayName":"Logic flows","iconUri":"https://connectoricons-prod.azureedge.net/releases/v1.0.1615/1.0.1615.3163/logicflows/icon.png","dataSources":["PowerAppsExporttoexcel"],"dependencies":["e1876e19-0c69-476e-a59c-67a4b7495d08"],"dependents":[],"parameterHints":{"workflowName":{"value":"04354efb-4b77-43dd-a506-aacf0ad07310"},"workflowEntityId":{},"e1876e19-0c69-476e-a59c-67a4b7495d08":{"value":"shared_sharepointonline"}},"parameterHintsV2":{"workflowName":{"value":"04354efb-4b77-43dd-a506-aacf0ad07310"},"workflowEntityId":{},"shared_sharepointonline":{"value":"e1876e19-0c69-476e-a59c-67a4b7495d08"}},"isOnPremiseConnection":false,"bypassConsent":false,"dataSets":{},"apiTier":"Standard","isCustomApiConnection":false,"nestedActions":[{"id":"/providers/Microsoft.PowerApps/apis/shared_sharepointonline/apiOperations/CreateFile","apiName":"SharePoint","actionName":"CreateFile","referencedResources":[{"key":"site","value":"https://musictribe.sharepoint.com/sites/ApprovalRequests"}]}]},"b5408657-cb6f-49f1-95fa-62b0fb17579a":{"id":"13f56dfc-82e0-48f2-bcf7-7a1a772bf3db","displayName":"Logic flows","iconUri":"https://connectoricons-prod.azureedge.net/releases/v1.0.1615/1.0.1615.3163/logicflows/icon.png","dataSources":["UploadQuickAttachments"],"dependencies":["3e36be40-e983-4bb9-a1c1-901d134f4d17"],"dependents":[],"parameterHints":{"workflowName":{"value":"ac390cf8-a314-4ced-a47d-db0acb43976f"},"workflowEntityId":{},"3e36be40-e983-4bb9-a1c1-901d134f4d17":{"value":"shared_sharepointonline"}},"parameterHintsV2":{"workflowName":{"value":"ac390cf8-a314-4ced-a47d-db0acb43976f"},"workflowEntityId":{},"shared_sharepointonline":{"value":"3e36be40-e983-4bb9-a1c1-901d134f4d17"}},"isOnPremiseConnection":false,"bypassConsent":false,"dataSets":{},"apiTier":"Standard","isCustomApiConnection":false,"actions":["Run"],"nestedActions":[{"id":"/providers/Microsoft.PowerApps/apis/shared_sharepointonline/apiOperations/GetItems","apiName":"SharePoint","actionName":"GetItems","referencedResources":[{"key":"site","value":"https://alankaeon789.sharepoint.com/sites/DemoAlstomlist"},{"key":"list","value":"51c3def1-e765-4e77-b14a-1398412f27ca"}]},{"id":"/providers/Microsoft.PowerApps/apis/shared_sharepointonline/apiOperations/CreateAttachment","apiName":"SharePoint","actionName":"CreateAttachment","referencedResources":[{"key":"site","value":"https://alankaeon789.sharepoint.com/sites/DemoAlstomlist"},{"key":"list","value":"51c3def1-e765-4e77-b14a-1398412f27ca"}]}]},"8960d505-64c7-44b6-83bc-4c876231361f":{"id":"13f56dfc-82e0-48f2-bcf7-7a1a772bf3db","displayName":"Logic flows","iconUri":"https://connectoricons-prod.azureedge.net/releases/v1.0.1615/1.0.1615.3163/logicflows/icon.png","dataSources":["ExporttoPDF"],"dependencies":["3e36be40-e983-4bb9-a1c1-901d134f4d17","77941111-bc54-4e5c-8651-873e8fb84196"],"dependents":[],"parameterHints":{"workflowName":{"value":"ffd9a49e-2006-4501-9b00-f900f416a428"},"workflowEntityId":{},"3e36be40-e983-4bb9-a1c1-901d134f4d17":{"value":"shared_sharepointonline"},"77941111-bc54-4e5c-8651-873e8fb84196":{"value":"shared_onedriveforbusiness"}},"parameterHintsV2":{"workflowName":{"value":"ffd9a49e-2006-4501-9b00-f900f416a428"},"workflowEntityId":{},"shared_sharepointonline":{"value":"3e36be40-e983-4bb9-a1c1-901d134f4d17"},"shared_onedriveforbusiness":{"value":"77941111-bc54-4e5c-8651-873e8fb84196"}},"isOnPremiseConnection":false,"bypassConsent":false,"dataSets":{},"apiTier":"Standard","isCustomApiConnection":false,"actions":["Run"],"nestedActions":[{"id":"/providers/Microsoft.PowerApps/apis/shared_sharepointonline/apiOperations/GetItems","apiName":"SharePoint","actionName":"GetItems","referencedResources":[{"key":"site","value":"https://alankaeon789.sharepoint.com/sites/DemoAlstomlist"},{"key":"list","value":"d53c9910-1b61-4e30-8fb1-8ff43444518e"}]},{"id":"/providers/Microsoft.PowerApps/apis/shared_onedriveforbusiness/apiOperations/CreateFile","apiName":"OneDrive for Business","actionName":"CreateFile","referencedResources":[]},{"id":"/providers/Microsoft.PowerApps/apis/shared_onedriveforbusiness/apiOperations/ConvertFileByPath","apiName":"OneDrive for Business","actionName":"ConvertFileByPath","referencedResources":[]},{"id":"/providers/Microsoft.PowerApps/apis/shared_sharepointonline/apiOperations/CreateFile","apiName":"SharePoint","actionName":"CreateFile","referencedResources":[{"key":"site","value":"https://alankaeon789.sharepoint.com/sites/DemoAlstomlist"}]},{"id":"/providers/Microsoft.PowerApps/apis/shared_onedriveforbusiness/apiOperations/DeleteFile","apiName":"OneDrive for Business","actionName":"DeleteFile","referencedResources":[]}]},"77941111-bc54-4e5c-8651-873e8fb84196":{"id":"55756484-0ec5-4a1c-a180-f38f2989915b","displayName":"OneDrive for Business","iconUri":"https://connectoricons-prod.azureedge.net/releases/v1.0.1546/1.0.1546.2665/onedriveforbusiness/icon.png","dataSources":[],"dependencies":[],"dependents":["8960d505-64c7-44b6-83bc-4c876231361f"],"parameterHints":{},"parameterHintsV2":{},"isOnPremiseConnection":false,"bypassConsent":false,"dataSets":{},"apiTier":"Standard","isCustomApiConnection":false},"9d798c6b-3c26-4525-b3fd-bbe055aff381":{"id":"13f56dfc-82e0-48f2-bcf7-7a1a772bf3db","displayName":"Logic flows","iconUri":"https://connectoricons-prod.azureedge.net/releases/v1.0.1615/1.0.1615.3163/logicflows/icon.png","dataSources":["UploadAttachments"],"dependencies":["3e36be40-e983-4bb9-a1c1-901d134f4d17"],"dependents":[],"parameterHints":{"workflowName":{"value":"c33dbcda-0f3f-45e2-b1a4-2883d119fb76"},"workflowEntityId":{},"3e36be40-e983-4bb9-a1c1-901d134f4d17":{"value":"shared_sharepointonline"}},"parameterHintsV2":{"workflowName":{"value":"c33dbcda-0f3f-45e2-b1a4-2883d119fb76"},"workflowEntityId":{},"shared_sharepointonline":{"value":"3e36be40-e983-4bb9-a1c1-901d134f4d17"}},"isOnPremiseConnection":false,"bypassConsent":false,"dataSets":{},"apiTier":"Standard","isCustomApiConnection":false,"actions":["Run"],"nestedActions":[{"id":"/providers/Microsoft.PowerApps/apis/shared_sharepointonline/apiOperations/GetItems","apiName":"SharePoint","actionName":"GetItems","referencedResources":[{"key":"site","value":"https://alankaeon789.sharepoint.com/sites/DemoAlstomlist"},{"key":"list","value":"51c3def1-e765-4e77-b14a-1398412f27ca"}]},{"id":"/providers/Microsoft.PowerApps/apis/shared_sharepointonline/apiOperations/CreateAttachment","apiName":"SharePoint","actionName":"CreateAttachment","referencedResources":[{"key":"site","value":"https://alankaeon789.sharepoint.com/sites/DemoAlstomlist"},{"key":"list","value":"51c3def1-e765-4e77-b14a-1398412f27ca"}]}]},"3249297a-d8a7-4120-a703-21d85a414ccd":{"id":"13f56dfc-82e0-48f2-bcf7-7a1a772bf3db","displayName":"Logic flows","iconUri":"https://connectoricons-prod.azureedge.net/releases/v1.0.1615/1.0.1615.3163/logicflows/icon.png","dataSources":["ExporttoCSV"],"dependencies":["3e36be40-e983-4bb9-a1c1-901d134f4d17"],"dependents":[],"parameterHints":{"workflowName":{"value":"13223081-107c-4559-a48c-ae6a9564ee05"},"workflowEntityId":{},"3e36be40-e983-4bb9-a1c1-901d134f4d17":{"value":"shared_sharepointonline"}},"parameterHintsV2":{"workflowName":{"value":"13223081-107c-4559-a48c-ae6a9564ee05"},"workflowEntityId":{},"shared_sharepointonline":{"value":"3e36be40-e983-4bb9-a1c1-901d134f4d17"}},"isOnPremiseConnection":false,"bypassConsent":false,"dataSets":{},"apiTier":"Standard","isCustomApiConnection":false,"actions":["Run"],"nestedActions":[{"id":"/providers/Microsoft.PowerApps/apis/shared_sharepointonline/apiOperations/GetItems","apiName":"SharePoint","actionName":"GetItems","referencedResources":[{"key":"site","value":"https://alankaeon789.sharepoint.com/sites/DemoAlstomlist"},{"key":"list","value":"d53c9910-1b61-4e30-8fb1-8ff43444518e"}]},{"id":"/providers/Microsoft.PowerApps/apis/shared_sharepointonline/apiOperations/CreateFile","apiName":"SharePoint","actionName":"CreateFile","referencedResources":[{"key":"site","value":"https://alankaeon789.sharepoint.com/sites/DemoAlstomlist"}]}]}},"databaseReferences":{},"almMode":"Environment","performanceOptimizationEnabled":true,"canConsumeAppPass":true,"enableModernRuntimeMode":false,"executionRestrictions":{"isTeamsOnly":false,"dataLossPreventionEvaluationResult":{"status":"Compliant","lastEvaluationDate":"2023-03-22T11:16:48.9738644Z","violations":[],"violationsByPolicy":[],"violationErrorMessage":"The app uses the following connectors: shared_office365users, shared_office365, shared_sharepointonline, shared_logicflows, shared_onedriveforbusiness."},"httpActionRestriction":{"appUsesSharepointHttpAction":false,"enforcementStrategy":"Legacy","evaluationTime":"2023-03-22T11:16:48.9735245Z"}}},"appType":"ClassicCanvasApp","appComponents":[]}}