{"name":"da9911e2-c00b-4537-ad1f-a1f31b4cdfc8","id":"/providers/Microsoft.Flow/flows/da9911e2-c00b-4537-ad1f-a1f31b4cdfc8","type":"Microsoft.Flow/flows","properties":{"apiId":"/providers/Microsoft.PowerApps/apis/shared_logicflows","displayName":"Delete attachment","definition":{"metadata":{"workflowEntityId":null,"processAdvisorMetadata":null,"flowclientsuspensionreason":"None","flowclientsuspensiontime":null,"flowclientsuspensionreasondetails":null,"creator":{"id":"f055559c-8c89-4309-bea9-30e5d3724195","type":"User","tenantId":"f2c6769c-5005-42ae-b64b-bfd1758bc7e2"},"provisioningMethod":"FromDefinition","failureAlertSubscription":true,"clientLastModifiedTime":"2023-03-15T17:48:37.2374975Z"},"$schema":"https://schema.management.azure.com/providers/Microsoft.Logic/schemas/2016-06-01/workflowdefinition.json#","contentVersion":"1.0.0.0","parameters":{"$connections":{"defaultValue":{},"type":"Object"},"$authentication":{"defaultValue":{},"type":"SecureObject"}},"triggers":{"manual":{"metadata":{"operationMetadataId":"5be25b1d-b843-42bc-ac1a-29ac27b90187"},"type":"Request","kind":"PowerApp","inputs":{"schema":{"type":"object","properties":{"Deleteattachment_Id":{"type":"integer","format":"int64","description":"Id of the list item the file is attached to.","x-ms-powerflows-param-ispartial":false},"Deleteattachment_FileIdentifier":{"type":"string","description":"File identifier for the attachment.","x-ms-powerflows-param-ispartial":false}},"required":["Deleteattachment_Id","Deleteattachment_FileIdentifier"]}}}},"actions":{"Delete_attachment":{"runAfter":{},"metadata":{"operationMetadataId":"7240ae0a-e802-4d45-a12d-1b477efcd922"},"type":"OpenApiConnection","inputs":{"host":{"apiId":"/providers/Microsoft.PowerApps/apis/shared_sharepointonline","connectionName":"shared_sharepointonline","operationId":"DeleteAttachment"},"parameters":{"dataset":"https://alstomgroup.sharepoint.com/sites/IS&TPowerApps/EHSCheckList","table":"80113ea5-3d33-4b50-b769-bfe3b642a9d4","itemId":"@triggerBody()['Deleteattachment_Id']","attachmentId":"@triggerBody()['Deleteattachment_FileIdentifier']"},"authentication":{"value":"@json(decodeBase64(triggerOutputs().headers['X-MS-APIM-Tokens']))['$ConnectionKey']","type":"Raw"}}}}},"connectionReferences":{"shared_sharepointonline":{"connectionName":"f2a5dc65bc7c41549feeab18caecc489","source":"Invoker","id":"/providers/Microsoft.PowerApps/apis/shared_sharepointonline","tier":"NotSpecified"}},"flowFailureAlertSubscribed":false,"isManaged":false}}